_mrcreativchik_,5fec6eaa-eb75-377c-a991-6641e90fa4d9
amalka5900,f2988006-250d-39e6-9caa-17f0c8ddde65
danik221,29dc04dd-a93f-3685-8502-bbbd78e9617a
fhavyre,85136f24-357f-3898-ae13-0043e8d7a7be
flashyman0,85de94e3-b7bc-3326-a0d9-3adf00146f56
imalo,55625c81-345a-3897-aca4-5f736b26199a
jafter156423,06a2642a-4a11-3eb2-8902-6bdb219e5dbf
kiril2548,810169e4-4c5f-36cb-b061-ba55da92df3f
krafter,4a05fb7b-5a10-3688-9eab-9ab99a7e98d3
maervel_yt12,10b4c0bd-e328-3ae3-b14f-c2ab0290038d
maks13,55d52c52-9f9a-3f66-8f39-a00c6549439e
miley,f2071488-e327-316f-a2b7-83104980db78
mrlauncher_22432,fbe07aba-82cd-3062-af54-51b53c5d59b0
mryellow25,4f8df4e4-57c3-355b-9da5-6903407b9da0
pink_blue_cat,f25cebff-220f-3c4b-a2bb-20f3ccda3150
rad_cermander,b990b9e3-e501-3f96-9fb4-f69880ff67a4
rad_dragon,9eb4600f-c4b8-300d-8d33-3cc3dcc54665
saha11,9a5f1e0a-cac1-3177-9e4c-1cd9c1205334
skipper,2a61b532-c749-3bfe-9fc4-d94001a921ba
sniper10,6470d3b2-03c0-35b2-abde-87b1af589485
stepan32234,c04ac792-f1cc-32de-8d2b-bef36001f367
suicideboy,41b9994e-f922-35d5-890c-a7bb6596f967
thesheeps,eb114ada-c4a2-3572-a77e-70470e8de5e1
thyoity,7cd2d95d-694f-322f-a528-1271a7c49deb
vaag,cd54ff0d-4612-3022-b9c6-1073f988566d
yans,0f70a275-1cd9-3692-ac9e-af909cd4ba73
zlane,dc944dc7-8cc1-33c8-8ee0-6bde265c3408
zpedroms,1a7f6715-1bcc-3882-b6dc-70e3326058ef
